filename,size,memory_delta,solve_time,relative_error
"shallow_water1",81920,32223232,0.667332,2.44874e-16
"zz_apache2",715176,2688536576,559.793,9.87882e-11
"cfd2",123440,995024896,157.802,6.36929e-12
"cfd1",70656,472543232,38.0085,1.85579e-12
"parabolic_fem",525825,471072768,20.1963,2.07871e-12
"ex15",6867,1892352,0.00943894,6.75138e-07
"00 G3_circuit.mat",1585478,2151858176,258.908,6.25651e-12
