filename,size,memory_delta,solve_time,relative_error
"zz_apache2",715176,2674802688,742.309,9.87882e-11
"cfd1",70656,460439552,48.8788,1.85579e-12
"ex15",6867,1892352,0.015307,6.75138e-07
"cfd2",123440,989503488,212.933,6.36929e-12
"parabolic_fem",525825,471072768,27.8708,2.07871e-12
"shallow_water1",81920,24330240,0.755095,2.44874e-16
"G3_circuit.mat",1585478,2151923712,350.957,6.25651e-12
